{
  "best_epoch": 9,
  "peak_cpu_memory_MB": 6192.416,
  "peak_gpu_0_memory_MB": 71824,
  "peak_gpu_1_memory_MB": 71612,
  "peak_gpu_2_memory_MB": 71772,
  "peak_gpu_3_memory_MB": 71650,
  "peak_gpu_4_memory_MB": 26282,
  "peak_gpu_5_memory_MB": 49412,
  "peak_gpu_6_memory_MB": 49518,
  "peak_gpu_7_memory_MB": 76496,
  "training_duration": "0:29:07.813321",
  "training_start_epoch": 0,
  "training_epochs": 9,
  "epoch": 9,
  "training_accuracy": 0.8915311653116531,
  "training_precision": 0.8915842175483704,
  "training_recall": 0.8914633989334106,
  "training_fscore": 0.8915237784385681,
  "training_s_precision": 0.8676018371799951,
  "training_s_recall": 0.8905947775509001,
  "training_s_fmeasure": 0.8789474615506568,
  "training_loss": 0.35417075519695945,
  "training_cpu_memory_MB": 6192.416,
  "training_gpu_0_memory_MB": 71824,
  "training_gpu_1_memory_MB": 71612,
  "training_gpu_2_memory_MB": 71772,
  "training_gpu_3_memory_MB": 71650,
  "training_gpu_4_memory_MB": 26282,
  "training_gpu_5_memory_MB": 45188,
  "training_gpu_6_memory_MB": 46106,
  "training_gpu_7_memory_MB": 76496,
  "validation_accuracy": 0.8611111111111112,
  "validation_precision": 0.8714285492897034,
  "validation_recall": 0.8472222089767456,
  "validation_fscore": 0.8591549396514893,
  "validation_s_precision": 0.8675861167283145,
  "validation_s_recall": 0.8905797101329768,
  "validation_s_fmeasure": 0.878932056442736,
  "validation_loss": 0.468152379989624,
  "best_validation_accuracy": 0.8611111111111112,
  "best_validation_precision": 0.8714285492897034,
  "best_validation_recall": 0.8472222089767456,
  "best_validation_fscore": 0.8591549396514893,
  "best_validation_s_precision": 0.8675861167283145,
  "best_validation_s_recall": 0.8905797101329768,
  "best_validation_s_fmeasure": 0.878932056442736,
  "best_validation_loss": 0.468152379989624
}